0.089808084,0.9101919,1
0.09015376,0.9098463,1
0.109548785,0.89045125,1
0.101547234,0.89845276,1
0.099042065,0.9009579,1
0.12821665,0.8717834,1
0.074942224,0.92505777,1
0.14903663,0.85096335,0
0.13170567,0.8682943,1
0.08446395,0.91553605,1
0.109394304,0.8906057,1
0.10709401,0.892906,1
0.096880674,0.9031194,1
0.20459242,0.79540753,1
0.102048986,0.897951,1
0.09551608,0.9044839,1
0.06616842,0.9338316,1
0.12407393,0.8759261,1
0.1233636,0.8766364,1
0.083636224,0.9163637,1
0.0929096,0.9070904,1
0.15690869,0.84309137,0
0.10848742,0.8915126,1
0.095844135,0.90415585,1
0.0766841,0.9233159,1
0.112488724,0.88751125,1
0.11160551,0.8883945,1
0.08755077,0.9124492,1
0.18825951,0.81174046,1
0.077206865,0.92279315,1
0.0929096,0.9070904,1
0.07547069,0.9245294,1
0.08425903,0.915741,1
0.19366428,0.8063357,0
0.09367946,0.9063205,1
0.11433142,0.8856686,1
0.103138976,0.8968611,1
0.09423554,0.90576446,1
0.08361222,0.91638774,1
0.11568853,0.8843115,1
0.08341816,0.9165818,1
0.1912933,0.8087067,1
0.08569919,0.91430086,1
0.21756753,0.7824325,0
0.11802704,0.88197297,1
0.15205419,0.84794587,1
0.10188935,0.8981107,1
0.14904496,0.850955,1
0.10132163,0.89867836,1
0.11697416,0.8830259,1
0.08166994,0.9183301,1
0.10739876,0.8926013,1
0.08515198,0.91484797,1
0.1573217,0.8426783,0
0.12754533,0.87245464,0
0.08784692,0.9121531,1
0.10101979,0.8989802,1
0.08268557,0.9173144,1
0.08798423,0.9120158,1
0.07816962,0.9218304,1
0.090773344,0.90922666,1
0.10198892,0.8980111,1
0.10194663,0.8980534,1
0.12347383,0.8765262,1
0.10246874,0.8975313,1
0.12819162,0.87180835,1
0.096845075,0.90315497,1
0.16242594,0.8375741,1
0.096907325,0.9030926,1
0.08848494,0.911515,1
0.11073395,0.8892661,1
0.11024536,0.88975465,1
0.10081062,0.8991894,1
0.108603515,0.8913965,1
0.10478173,0.89521825,1
0.19559589,0.80440414,1
0.08050754,0.9194925,1
0.108940735,0.8910592,1
0.059526127,0.9404738,1
0.10033007,0.89966995,1
0.085584335,0.91441566,1
0.10408328,0.8959167,1
0.10799472,0.8920052,1
0.11585953,0.8841405,1
0.09641963,0.90358037,1
0.14376162,0.8562384,1
0.14162621,0.85837376,0
0.10051517,0.8994848,1
0.13026188,0.86973804,1
0.17253937,0.82746065,1
0.119732946,0.8802671,1
0.16065797,0.839342,1
0.0890195,0.91098046,1
0.07543096,0.9245691,1
0.12718071,0.8728193,1
0.10229974,0.8977003,1
0.14396451,0.8560354,1
0.084388494,0.91561145,1
0.08280934,0.91719073,1
0.1620088,0.83799124,0
0.0696432,0.93035686,1
0.10788934,0.8921107,1
0.15776458,0.8422354,1
0.11457463,0.8854253,1
0.105170526,0.8948295,1
0.2007569,0.7992431,0
0.11605884,0.8839412,1
0.17557989,0.8244201,0
0.12917323,0.8708268,1
0.08281981,0.9171802,1
0.11003146,0.8899686,1
0.122167006,0.877833,0
0.093877636,0.9061223,1
0.07857213,0.92142785,1
0.101023234,0.89897674,1
0.08937606,0.91062397,1
0.09977866,0.90022135,1
0.10228502,0.897715,1
0.08514978,0.9148503,1
0.11821087,0.8817891,1
0.09524491,0.9047551,1
0.077906474,0.92209345,1
0.13127512,0.8687249,1
0.11590776,0.8840922,1
0.13507992,0.8649201,1
0.105881,0.89411896,1
0.07563359,0.92436635,1
0.14443697,0.85556304,1
0.15668112,0.8433188,1
0.1034537,0.8965463,1
0.27210233,0.7278976,1
0.13508642,0.8649136,1
0.14027058,0.85972947,1
0.09292155,0.90707844,1
0.122904815,0.8770952,1
0.0763092,0.9236908,1
0.09929841,0.90070164,1
0.18865478,0.8113452,1
0.22824477,0.7717552,1
0.16691881,0.83308125,1
0.099469125,0.9005309,1
0.067368776,0.9326312,1
0.092659295,0.9073407,1
0.23600681,0.7639932,0
0.096602164,0.9033978,1
0.09744545,0.9025545,1
0.07613163,0.9238683,1
0.07157162,0.9284284,1
0.070732415,0.9292676,1
0.11184042,0.88815963,1
0.09635133,0.9036486,1
0.0947645,0.90523547,1
0.0758909,0.9241091,1
0.12834577,0.8716543,1
0.2194477,0.78055227,1
0.08972919,0.9102708,1
0.23600681,0.7639932,1
0.17767274,0.82232726,1
0.07348811,0.9265119,1
0.18977186,0.81022817,1
0.15554558,0.84445447,1
0.11872341,0.88127655,1
0.1257252,0.8742748,1
0.09230986,0.9076901,1
0.18804093,0.811959,1
0.24154761,0.7584524,1
0.07906068,0.9209393,1
0.22352272,0.7764772,1
0.09810976,0.9018902,1
0.0990828,0.90091723,1
0.0907407,0.9092593,1
0.20996936,0.79003066,0
0.084800445,0.91519964,1
0.11516817,0.8848319,1
0.12058912,0.87941086,1
0.09093399,0.90906596,1
0.10528353,0.8947165,1
0.07788637,0.92211366,1
0.15854569,0.8414543,1
0.09493853,0.9050614,1
0.096376084,0.9036239,1
0.092795156,0.9072048,1
0.07957494,0.9204251,1
0.12916338,0.8708366,1
0.10415069,0.89584935,1
0.11338842,0.8866116,1
0.10113987,0.89886016,1
0.092096314,0.9079037,1
0.09912183,0.90087813,1
0.095954314,0.90404564,1
0.13221525,0.86778474,1
0.09019456,0.9098054,1
0.09798612,0.90201384,1
0.112079136,0.8879208,1
0.09814158,0.9018584,1
0.12915832,0.8708417,1
0.14214566,0.8578543,1
0.16006902,0.83993095,1
0.109806836,0.89019316,0
0.088313684,0.9116863,1
0.08585232,0.91414773,1
0.2485958,0.7514043,1
0.08255921,0.9174408,1
0.06506798,0.934932,1
0.22136256,0.7786374,0
0.18672991,0.8132701,1
0.08613108,0.91386896,1
0.11688999,0.88311,1
0.16790903,0.832091,1
0.1330063,0.8669937,1
0.09278819,0.9072118,1
0.099948294,0.9000517,1
0.09680531,0.9031947,1
0.11584536,0.8841546,1
0.22746015,0.77253985,1
0.27210233,0.7278976,1
0.087983176,0.91201687,1
0.1015876,0.8984124,1
0.12508771,0.87491226,1
0.08585286,0.91414714,1
0.109799184,0.8902008,1
0.09980383,0.9001962,1
0.13235995,0.8676401,1
0.07892582,0.9210742,1
0.08569343,0.9143065,1
0.096978635,0.9030214,1
0.14507219,0.8549278,0
0.123776,0.87622404,1
0.14265932,0.8573407,0
0.14087193,0.85912806,1
0.14535855,0.85464144,1
0.10699546,0.89300454,1
0.09917533,0.90082467,1
0.15309384,0.8469061,1
0.22717963,0.77282035,1
0.11350064,0.88649935,1
0.12644725,0.87355274,1
0.09235185,0.9076482,1
0.1551467,0.8448533,1
0.10885926,0.89114076,1
0.12040603,0.8795939,1
0.111731336,0.8882687,1
0.08341816,0.9165818,1
0.12904061,0.8709594,1
0.07782828,0.9221717,1
0.0929096,0.9070904,1
0.11461136,0.8853887,1
0.13794395,0.8620561,1
0.09546585,0.90453416,1
0.18105619,0.81894386,0
0.09131692,0.9086831,1
0.10108679,0.89891326,1
0.08639537,0.9136046,1
0.096568555,0.9034315,1
0.115296066,0.88470393,1
0.15904126,0.8409587,1
0.12304978,0.87695026,0
0.08798423,0.9120158,1
0.08667458,0.9133254,1
0.09694909,0.9030509,1
0.09791397,0.902086,1
0.19136247,0.80863756,1
0.10080884,0.89919114,1
0.12398912,0.87601084,1
0.2485958,0.7514043,1
0.097286336,0.9027137,1
0.10996574,0.8900343,1
0.08158119,0.9184188,1
0.12613572,0.8738643,0
0.10273515,0.89726484,1
0.113520056,0.8864799,1
0.15403199,0.845968,1
0.11584536,0.8841546,1
0.088259585,0.9117404,1
0.1452622,0.8547378,1
0.18963218,0.8103679,1
0.06901688,0.9309832,1
0.21523592,0.7847641,1
0.08839338,0.91160667,1
0.0929096,0.9070904,1
0.122167006,0.877833,1
0.16626096,0.83373904,1
0.07315926,0.9268408,1
0.088537246,0.9114627,1
0.115308665,0.88469136,1
0.09954487,0.9004552,1
0.167503,0.832497,1
0.10306083,0.89693916,1
0.18825951,0.81174046,1
0.08411062,0.9158894,1
0.08983898,0.910161,1
0.12868704,0.8713129,1
0.102858946,0.89714104,1
0.13712358,0.86287636,1
0.10742715,0.8925729,1
0.09212188,0.90787816,1
0.19092898,0.80907106,1
0.081843324,0.9181567,1
0.07742155,0.92257845,1
0.09708531,0.90291464,1
0.08073165,0.91926837,1
0.12166264,0.8783373,1
0.13014896,0.86985105,1
0.09448955,0.9055104,1
0.16508819,0.8349118,1
0.0818298,0.9181702,1
0.09397942,0.9060206,1
0.094086334,0.90591365,1
0.21292269,0.7870773,0
0.09300681,0.9069932,1
0.11085606,0.88914394,1
0.13122948,0.8687705,1
0.07468759,0.92531234,1
0.120938644,0.87906134,1
0.10721497,0.892785,1
0.105443716,0.8945562,1
0.1220195,0.8779805,1
0.120004095,0.8799959,1
0.103519775,0.8964802,1
0.10214745,0.8978526,1
0.07698177,0.92301816,1
0.10590823,0.8940918,1
0.09680987,0.90319014,1
0.119976476,0.88002354,1
0.18741025,0.81258976,0
0.09597281,0.90402716,1
0.097755045,0.9022449,1
0.12208915,0.8779109,1
0.08386188,0.9161382,1
0.10117757,0.8988224,1
0.10941301,0.890587,1
0.11961982,0.8803802,1
0.19436741,0.80563265,1
0.26495472,0.73504525,0
0.15067618,0.8493238,1
0.11259817,0.8874019,1
0.22895032,0.7710497,0
0.11525707,0.884743,1
0.12197197,0.87802804,1
0.06613743,0.93386257,1
0.108587764,0.8914122,1
0.095842324,0.9041577,1
0.11735305,0.882647,1
0.10210897,0.89789104,1
0.09446192,0.9055381,1
0.21523592,0.7847641,1
0.16320185,0.8367982,1
0.12845358,0.8715464,0
0.1119175,0.8880825,1
0.10376769,0.8962323,1
0.17136985,0.8286302,1
0.081667505,0.91833246,1
0.15363519,0.84636486,0
0.16498801,0.83501196,1
0.11092139,0.8890786,1
0.113588974,0.886411,1
0.14979783,0.85020214,0
0.088825345,0.9111746,1
0.2022941,0.7977059,1
0.11374145,0.88625854,1
0.08255878,0.9174412,1
0.18516776,0.8148322,1
0.09091992,0.90908,1
0.12580062,0.87419933,1
0.13102938,0.86897063,1
0.094985984,0.9050141,1
0.0929096,0.9070904,1
0.119573,0.880427,1
0.07721512,0.92278486,1
0.13909367,0.86090636,1
0.10370516,0.89629483,1
0.1357471,0.8642529,1
0.0773828,0.9226172,1
0.08176745,0.91823256,1
0.12252016,0.87747985,1
0.11236108,0.88763887,1
0.12649798,0.8735021,1
0.11891225,0.8810877,1
0.117310345,0.8826897,1
0.1200015,0.8799985,1
0.1257739,0.87422603,1
0.1222199,0.8777801,0
0.0929096,0.9070904,1
0.082099475,0.9179005,1
0.14284623,0.8571538,0
0.09536327,0.90463674,1
0.10586707,0.89413285,1
0.10568216,0.8943178,1
0.092429414,0.9075706,1
0.09015106,0.9098489,1
0.2673583,0.7326417,0
0.11056723,0.8894328,1
0.154103,0.84589696,0
0.090369776,0.90963024,1
0.0875104,0.9124896,1
0.067048706,0.9329513,1
0.09823229,0.90176773,1
0.108427756,0.89157224,1
0.0929096,0.9070904,1
0.07929296,0.92070705,1
0.11163958,0.88836044,1
0.109000914,0.89099914,1
0.093065634,0.9069344,1
0.0852588,0.9147412,1
0.08718923,0.9128108,1
0.107526,0.89247406,1
0.084663056,0.9153369,1
0.15718669,0.8428133,1
0.21719302,0.782807,1
0.19287622,0.8071238,1
0.07882126,0.9211787,1
0.14789057,0.8521094,1
0.26495472,0.73504525,0
0.092501,0.907499,1
0.095968775,0.9040312,1
0.120530814,0.8794692,1
0.10237982,0.8976202,1
0.088872835,0.9111272,1
0.14146245,0.85853755,1
0.096142896,0.90385705,1
0.080027394,0.9199726,1
0.079807885,0.92019206,1
0.09494759,0.9050524,1
0.14016119,0.8598388,1
0.086524166,0.9134759,1
0.23111646,0.76888347,0
0.098435566,0.9015644,1
0.07518474,0.92481524,1
0.13852064,0.86147934,1
0.08777104,0.912229,1
0.19692834,0.8030717,0
0.0991737,0.9008263,1
0.1412805,0.8587195,1
0.109703906,0.89029604,1
0.102858946,0.89714104,1
0.11456801,0.88543206,0
0.08938666,0.9106133,1
0.14164527,0.85835475,1
0.11696043,0.88303965,1
0.21523592,0.7847641,1
0.112398624,0.8876014,1
0.12027744,0.8797225,1
0.11699923,0.8830008,1
0.08205069,0.9179493,1
0.08675498,0.91324496,1
0.09434198,0.90565795,1
0.108132385,0.89186764,1
0.12935884,0.87064123,1
0.20996936,0.79003066,0
0.09401969,0.90598035,1
0.18962087,0.81037915,1
0.13450772,0.8654923,1
0.2194477,0.78055227,1
0.07349769,0.9265023,1
0.07664498,0.923355,1
0.097143576,0.9028564,1
0.18097335,0.81902665,1
0.11802704,0.88197297,1
0.10769959,0.8923004,1
0.094825394,0.9051746,1
0.11658487,0.88341516,1
0.084388904,0.9156111,1
0.10545697,0.89454305,1
0.20667319,0.79332685,1
0.13991317,0.8600868,0
0.102003306,0.89799666,1
0.1741634,0.8258366,1
0.07112828,0.9288717,1
0.06375425,0.9362457,1
0.16989304,0.830107,1
0.13348638,0.8665136,1
0.08939087,0.9106091,1
0.10521213,0.8947879,1
0.117166735,0.8828333,1
0.06876817,0.93123186,1
0.24571998,0.75428003,0
0.11712324,0.8828768,1
0.21673082,0.7832692,0
0.119104356,0.8808956,1
0.0787237,0.92127633,1
0.10474828,0.8952517,1
0.08981015,0.9101898,1
0.11347535,0.8865246,1
0.09291432,0.9070857,1
0.0998227,0.9001773,1
0.1062047,0.8937953,1
0.089217305,0.9107827,1
0.09374952,0.9062505,1
0.08392047,0.9160795,1
0.06616842,0.9338316,1
0.1496259,0.8503741,1
0.12408868,0.8759113,1
0.063394,0.93660605,1
0.14479516,0.8552049,1
0.19282463,0.8071754,0
0.21756753,0.7824325,0
0.17766818,0.82233185,1
0.09485209,0.90514797,1
0.089626655,0.91037333,1
0.0907263,0.9092737,1
0.2741557,0.7258443,0
0.09744825,0.9025517,1
0.10413977,0.89586025,1
0.10621733,0.8937827,1
0.09142614,0.90857387,1
0.1113827,0.88861734,1
0.12033022,0.8796697,0
0.08999622,0.9100038,1
0.14298943,0.85701054,1
0.0815789,0.91842115,1
0.134946,0.865054,1
0.21856557,0.7814344,1
0.09317531,0.9068247,1
0.108485304,0.8915147,1
0.17727119,0.8227288,1
0.08359662,0.91640335,1
0.103541374,0.8964586,1
0.06616842,0.9338316,1
0.0853297,0.91467035,1
0.16011533,0.8398847,1
0.1620088,0.83799124,1
0.11802311,0.88197684,1
0.0921291,0.9078709,1
0.10949154,0.89050853,1
0.1788838,0.82111615,1
0.0909871,0.90901285,1
0.10605508,0.89394486,1
0.12776777,0.87223226,1
0.11402641,0.8859736,1
0.1297518,0.8702482,1
0.08117375,0.9188262,1
0.107112885,0.89288706,1
0.13518731,0.86481273,1
0.101269476,0.8987305,1
0.11090507,0.88909495,1
0.10176522,0.8982347,1
0.10268651,0.89731354,1
0.29007363,0.70992637,0
0.113690205,0.88630986,1
0.20386298,0.79613703,0
0.08661981,0.9133802,1
0.21780968,0.7821903,1
0.07368585,0.9263141,1
0.08905822,0.9109418,1
0.20996936,0.79003066,0
0.08612411,0.9138758,1
0.08020604,0.9197939,1
0.1051325,0.89486754,1
0.21234483,0.7876552,0
0.09934466,0.9006553,1
0.08323878,0.9167612,1
0.13458982,0.8654102,1
0.100454554,0.8995455,1
0.0825925,0.9174075,1
0.0929096,0.9070904,1
0.0789307,0.92106926,1
0.26100624,0.73899376,0
0.19282463,0.8071754,0
0.08278134,0.9172187,1
0.1212618,0.8787382,1
0.09242086,0.9075792,1
0.2485958,0.7514043,1
0.085082516,0.9149175,1
0.089672044,0.9103279,1
0.21433476,0.7856652,1
0.11988793,0.8801121,1
0.09185174,0.9081482,1
0.25868344,0.74131656,1
0.072202206,0.92779785,1
0.18049563,0.8195044,0
0.06506798,0.934932,1
0.10160794,0.898392,1
0.09808582,0.9019142,1
0.07386043,0.92613953,1
0.09543761,0.9045624,1
0.105333105,0.8946669,1
0.085873045,0.9141269,1
0.096987754,0.9030122,1
0.09634599,0.90365404,1
0.25979564,0.74020433,0
0.181479,0.818521,1
0.061591886,0.9384081,1
0.1849207,0.81507933,1
0.09432427,0.90567577,1
0.063480385,0.9365197,1
0.11458101,0.88541895,1
0.08547501,0.9145249,1
0.14284623,0.8571538,0
0.08333806,0.9166619,1
0.20944901,0.790551,1
0.097728595,0.90227133,1
0.11564368,0.8843563,1
0.10174069,0.8982593,1
0.069043905,0.9309561,1
0.09345694,0.906543,1
0.099831335,0.90016866,1
0.21790802,0.78209203,1
0.06776187,0.93223816,1
0.14747228,0.8525277,1
0.0786703,0.9213297,1
0.23600681,0.7639932,0
0.14179945,0.85820055,0
0.124226496,0.8757735,1
0.09136358,0.90863645,1
0.09361288,0.9063871,1
0.118183605,0.8818164,1
0.07699025,0.92300975,1
0.25363937,0.7463606,1
0.09364801,0.90635204,1
0.22791076,0.7720892,0
0.111487955,0.888512,1
0.09387142,0.90612864,1
0.18923986,0.8107602,0
0.09917614,0.9008239,1
0.26495472,0.73504525,0
0.07949078,0.9205092,1
0.11317505,0.886825,1
0.105649166,0.89435077,1
0.1699024,0.8300976,1
0.09324546,0.9067546,1
0.26495472,0.73504525,0
0.13929458,0.86070544,1
0.092937775,0.9070623,1
0.09363151,0.9063685,1
0.071003124,0.9289969,1
0.1356176,0.8643824,1
0.1156477,0.8843523,1
0.15092282,0.84907717,1
0.17970139,0.8202986,1
0.12268595,0.8773141,1
0.1305817,0.86941826,1
0.08343131,0.9165687,1
0.20077372,0.7992263,1
0.08867003,0.9113299,1
0.11004174,0.88995826,1
0.18721782,0.81278217,1
0.17752177,0.8224783,1
0.080716975,0.919283,1
0.16999033,0.83000964,1
0.087824665,0.91217536,1
0.11220676,0.8877932,1
0.09862628,0.9013737,1
0.08567727,0.9143228,1
0.11029225,0.8897078,1
0.101103745,0.8988963,1
0.08314121,0.9168588,1
0.088315204,0.9116848,1
0.077920154,0.9220799,1
0.18784012,0.8121599,1
0.079086676,0.92091334,1
0.09386846,0.90613157,1
0.11243568,0.8875643,1
0.09604752,0.90395254,1
0.077148974,0.922851,1
0.09441217,0.90558785,1
0.098673694,0.9013263,1
0.14530462,0.8546954,1
0.221107,0.77889305,1
0.26100624,0.73899376,0
0.09152659,0.9084734,1
0.0796407,0.9203594,1
0.073334694,0.9266653,1
0.097404465,0.9025955,1
0.072173126,0.9278269,1
0.16105546,0.83894455,1
0.10963859,0.8903614,1
0.09209695,0.907903,1
0.10437575,0.8956242,1
0.09188538,0.9081146,1
0.07546088,0.92453915,1
0.16087197,0.8391281,1
0.08456611,0.91543394,1
0.13620608,0.86379385,1
0.14634112,0.8536589,1
0.18355763,0.8164424,1
0.096252926,0.903747,1
0.11473786,0.8852622,1
0.110386625,0.88961333,1
0.091292545,0.90870744,1
0.067048706,0.9329513,1
0.10643349,0.89356655,1
0.21176474,0.7882353,0
0.086253926,0.91374606,1
0.12104651,0.87895346,1
0.08448881,0.91551125,1
0.09775876,0.9022413,1
0.09005837,0.9099416,1
0.21201122,0.7879888,1
0.10470373,0.8952963,1
0.11998722,0.88001287,1
0.09530396,0.90469605,1
0.17253295,0.8274671,1
0.087309524,0.9126904,1
0.1050134,0.89498657,1
0.09790319,0.9020968,1
0.0929096,0.9070904,1
0.07846506,0.9215349,1
0.11822695,0.88177305,1
0.08247234,0.9175277,1
0.11456464,0.8854354,1
0.097143576,0.9028564,1
0.13923831,0.8607617,0
0.17036176,0.8296382,1
0.18981215,0.8101879,0
0.082698286,0.9173018,1
0.07707578,0.9229242,1
0.096935116,0.9030649,1
0.12700467,0.8729954,1
0.11753214,0.88246787,1
0.20961843,0.79038155,1
0.09892399,0.901076,1
0.05748931,0.94251066,1
0.122064255,0.87793577,1
0.09534115,0.9046588,1
0.20840216,0.79159784,1
0.09834318,0.90165675,1
0.0848713,0.9151287,1
0.099975064,0.90002495,1
0.07064813,0.92935187,1
0.12424464,0.8757553,1
0.0931719,0.9068281,1
0.08603454,0.91396546,1
0.09021825,0.90978175,1
0.08435232,0.9156476,1
0.086986035,0.913014,1
0.116823286,0.88317674,1
0.088673666,0.91132635,1
0.07206804,0.92793196,1
0.106443115,0.89355683,1
0.17559947,0.82440054,1
0.15917315,0.8408268,1
0.09447303,0.90552694,1
0.12447515,0.8755248,1
0.101980425,0.89801955,1
0.17843528,0.82156473,1
0.098173216,0.9018268,1
0.082564265,0.9174357,1
0.08367194,0.9163281,1
0.09730054,0.9026994,1
0.16210377,0.8378962,1
0.14718352,0.85281646,0
0.10103897,0.898961,1
0.21993886,0.7800612,0
0.10420019,0.8957998,1
0.16267574,0.8373243,1
0.10517365,0.89482635,1
0.108948104,0.89105195,1
0.10108251,0.8989175,1
0.13928132,0.86071867,1
0.08308131,0.91691875,1
0.13248688,0.8675131,1
0.21129633,0.7887037,1
0.07588401,0.92411596,1
0.13159978,0.8684002,1
0.10819147,0.89180857,1
0.16439383,0.8356062,1
0.10421968,0.89578027,1
0.13561678,0.86438316,1
0.0842123,0.9157877,1
0.22791076,0.7720892,1
0.070255496,0.92974454,1
0.08136632,0.91863364,1
0.08933811,0.9106618,1
0.10005601,0.89994395,1
0.08337735,0.91662264,1
0.08848494,0.911515,1
0.07363229,0.9263677,1
0.10674121,0.8932588,1
0.095011204,0.90498877,1
0.08725694,0.91274303,1
0.11977887,0.8802212,1
0.1727746,0.8272254,1
0.09369999,0.9063,1
0.14861014,0.8513898,1
0.16456334,0.8354367,0
0.106669955,0.89333,1
0.1633768,0.8366232,1
0.09658253,0.90341747,1
0.11333809,0.8866619,1
0.08956143,0.9104386,1
0.09024751,0.9097524,1
0.087663025,0.91233695,1
0.113328636,0.88667136,1
0.08210092,0.9178991,1
0.13571332,0.8642867,1
0.11578381,0.88421625,1
0.10249338,0.8975066,1
0.10826612,0.8917338,1
0.07476088,0.9252391,1
0.10240772,0.89759225,1
0.21756753,0.7824325,0
0.119598776,0.8804012,1
0.12016311,0.8798369,1
0.10110921,0.8988908,1
0.10704165,0.89295834,1
0.09064563,0.9093544,1
0.07384846,0.9261515,1
0.08150694,0.91849303,1
0.06616842,0.9338316,1
0.18397753,0.81602246,1
0.0789307,0.92106926,1
0.17792332,0.8220767,0
0.14069916,0.8593008,1
0.20596215,0.7940378,0
0.08397155,0.9160284,1
0.2485958,0.7514043,1
0.08146928,0.91853064,1
0.091707,0.908293,1
0.073250555,0.92674947,1
0.10522103,0.8947789,1
0.17355444,0.8264456,1
0.08664222,0.91335785,1
0.089217305,0.9107827,1
0.13110514,0.8688949,1
0.157493,0.842507,1
0.2485958,0.7514043,1
0.09021072,0.90978926,1
0.14444385,0.85555613,1
0.09242086,0.9075792,1
0.09478947,0.90521055,1
0.088673666,0.91132635,1
0.14594106,0.8540589,1
0.12224403,0.87775594,1
0.06228153,0.93771845,1
0.14632535,0.8536746,1
0.096103996,0.90389603,1
0.12369315,0.8763068,1
0.21263295,0.787367,1
0.11346485,0.8865351,1
0.08183385,0.9181661,1
0.1047255,0.89527446,1
0.07881633,0.92118365,1
0.11204283,0.8879572,1
0.09637218,0.90362775,1
0.13849697,0.861503,1
0.2485958,0.7514043,1
0.09737401,0.902626,1
0.0739732,0.92602676,1
0.08438599,0.91561395,1
0.09981139,0.90018857,1
0.092682645,0.90731734,1
0.106418945,0.89358103,1
0.107174374,0.8928256,1
0.08586527,0.91413474,1
0.14842565,0.8515743,1
0.097996265,0.90200377,1
0.0984018,0.90159816,1
0.09568694,0.9043131,1
0.09620942,0.90379053,1
0.15284796,0.84715205,1
0.14657326,0.85342675,1
0.08766988,0.9123301,1
0.1251481,0.8748519,1
0.13508642,0.8649136,1
0.10435465,0.8956453,1
0.12008278,0.8799172,1
0.12143641,0.87856364,1
0.09619449,0.90380543,1
0.15877919,0.84122074,1
0.10167291,0.8983271,1
0.09739765,0.9026024,1
0.14421728,0.8557827,1
0.13190247,0.86809754,1
0.10761741,0.8923826,1
0.08146928,0.91853064,1
0.122078925,0.8779211,1
0.085884035,0.91411597,1
0.18810327,0.81189674,1
0.11891512,0.88108486,1
0.096863985,0.903136,1
0.14271033,0.8572897,1
0.23600681,0.7639932,0
0.092662804,0.9073372,1
0.16255309,0.8374469,1
0.15531112,0.8446889,0
0.10323733,0.8967627,1
0.09418383,0.9058162,1
0.14321402,0.85678595,1
0.105445005,0.894555,1
0.118905574,0.8810944,1
0.1537049,0.84629506,0
0.073386975,0.926613,1
0.1126911,0.88730896,1
0.1788838,0.82111615,1
0.083380766,0.91661924,1
0.10183604,0.898164,1
0.0803728,0.91962725,1
0.09112095,0.90887904,1
0.10953448,0.8904655,1
0.15639006,0.84361,1
0.11202218,0.8879778,1
0.083107986,0.916892,1
0.11420668,0.8857933,1
0.11857996,0.8814201,1
0.25363937,0.7463606,1
0.060012557,0.9399875,1
0.1006792,0.8993208,1
0.12991655,0.8700834,1
0.07805867,0.92194134,1
0.09088517,0.90911484,1
0.25363937,0.7463606,1
0.092795156,0.9072048,1
0.18105619,0.81894386,0
0.108612485,0.8913875,1
0.09799999,0.902,1
0.11580424,0.88419574,1
0.08506853,0.9149315,1
0.08222519,0.91777486,1
0.126932,0.87306803,1
0.0808788,0.9191212,1
0.11355149,0.88644856,1
0.08815805,0.911842,1
0.16777301,0.83222693,1
0.2485958,0.7514043,1
0.103383556,0.89661646,1
0.096045256,0.90395474,1
0.07787703,0.92212296,1
0.22886024,0.77113974,1
0.17340338,0.82659656,1
0.13639706,0.86360294,1
0.09584828,0.9041518,1
0.09530096,0.904699,1
0.21555524,0.7844448,1
0.11548816,0.8845119,1
0.08225063,0.91774935,1
0.21408807,0.7859119,1
0.13446839,0.8655316,1
0.07664498,0.923355,1
0.11246366,0.8875363,1
0.21555524,0.7844448,1
0.12955,0.87044996,1
0.12863806,0.8713619,1
0.13139117,0.86860883,1
0.093791805,0.9062082,1
0.29007363,0.70992637,0
0.12573764,0.8742624,0
0.10701449,0.8929855,1
0.1075213,0.8924787,1
0.10962983,0.89037013,1
0.09433109,0.9056689,1
0.07055173,0.92944825,1
0.08610968,0.9138903,1
0.07871964,0.9212804,1
0.11792685,0.8820731,1
0.127819,0.872181,1
0.10614852,0.89385146,1
0.21802565,0.7819744,1
0.12417802,0.87582195,1
0.09860861,0.9013914,1
0.099786475,0.9002135,1
0.085700974,0.9142991,1
0.10583667,0.89416337,1
0.08284247,0.91715753,1
0.11115492,0.8888451,1
0.1413963,0.8586037,1
0.24559818,0.7544018,0
0.25363937,0.7463606,1
0.10476127,0.89523876,1
0.1031518,0.8968482,1
0.112238966,0.887761,1
0.20586957,0.79413044,1
0.10456165,0.8954384,1
0.15011919,0.8498809,0
0.09063944,0.9093605,1
0.09053256,0.9094675,1
0.08848494,0.911515,1
0.0818298,0.9181702,1
0.08547501,0.9145249,1
0.0743371,0.9256629,1
0.11882226,0.8811778,1
0.10086829,0.8991318,1
0.114936456,0.8850635,1
0.12097137,0.8790286,1
0.07695003,0.92305,1
0.06506798,0.934932,1
0.1019561,0.8980439,1
0.123156324,0.87684363,1
0.14288828,0.8571117,1
0.10795308,0.892047,1
0.082521394,0.9174786,1
0.13054313,0.8694569,1
0.10969905,0.890301,1
0.0767693,0.9232307,1
0.089053586,0.9109464,1
0.0947213,0.90527874,1
0.20394343,0.7960565,1
0.07812603,0.921874,1
0.10358849,0.8964115,1
0.09413156,0.9058684,1
0.12767933,0.87232065,1
0.1569092,0.84309083,1
0.11070808,0.88929194,1
0.09871863,0.90128136,1
0.12534535,0.87465465,0
0.12861662,0.87138337,1
0.10525813,0.8947419,1
0.07147119,0.92852885,1
0.0789307,0.92106926,1
0.23079582,0.76920414,1
0.08787973,0.9121203,1
0.08344938,0.91655064,1
0.09867437,0.90132564,1
0.23600681,0.7639932,0
0.11338842,0.8866116,1
0.29007363,0.70992637,0
0.097104825,0.9028952,1
0.09176955,0.9082304,1
0.099843845,0.90015614,1
0.11483336,0.8851666,1
0.10464493,0.8953551,1
0.100884914,0.8991151,1
0.18680489,0.81319505,1
0.1338155,0.86618453,1
0.100778416,0.8992216,1
0.0929096,0.9070904,1
0.11029474,0.88970524,1
0.08201766,0.91798234,1
0.0929096,0.9070904,1
0.21056406,0.7894359,1
0.13956644,0.8604336,0
0.17767274,0.82232726,1
0.078007184,0.92199284,1
0.2673583,0.7326417,0
0.124265775,0.8757342,1
0.11433841,0.88566154,1
0.07316274,0.9268372,1
0.10222385,0.8977761,1
0.08991541,0.91008455,1
0.08388554,0.91611445,1
0.093224786,0.9067752,1
0.12355974,0.8764403,1
0.10012061,0.8998794,1
0.15132587,0.8486742,1
0.10718154,0.89281845,1
0.06616842,0.9338316,1
0.12685838,0.87314165,1
0.14260802,0.85739195,1
0.086261444,0.91373855,1
0.17232387,0.82767606,1
0.118863314,0.88113666,1
0.06554923,0.9344508,1
0.12231148,0.8776885,1
0.11115492,0.8888451,1
0.09014564,0.90985435,1
0.16953132,0.83046865,1
0.10826798,0.89173204,1
0.0974816,0.9025184,1
0.19723155,0.80276847,0
0.118923746,0.8810763,1
0.072391145,0.92760885,1
0.121132016,0.87886804,1
0.10831104,0.8916889,1
0.0810748,0.91892517,1
0.25363937,0.7463606,1
0.09841294,0.9015871,1
0.10228448,0.89771557,1
0.19309336,0.80690664,1
0.23600681,0.7639932,0
0.09680232,0.90319777,1
0.10576836,0.8942316,1
0.13117208,0.8688279,1
0.08766988,0.9123301,1
0.1600666,0.8399334,0
0.19723155,0.80276847,0
0.078787,0.92121303,1
0.10826612,0.8917338,1
0.10186657,0.89813346,1
0.07589598,0.92410403,1
0.12343961,0.87656033,1
0.06493837,0.93506163,1
0.10075731,0.8992427,1
0.0789307,0.92106926,1
0.21555524,0.7844448,1
0.20780611,0.79219395,1
0.1616818,0.83831817,1
0.07571253,0.9242875,1
0.08897391,0.9110261,1
0.097782016,0.902218,1
0.09128548,0.9087145,1
0.12551819,0.87448186,1
0.17922586,0.82077414,0
0.1412423,0.8587577,0
0.0994747,0.9005253,1
0.120173566,0.8798264,1
0.07766345,0.9223366,1
0.08115449,0.9188456,1
0.11852096,0.8814791,1
0.20924489,0.79075503,0
0.09549624,0.9045037,1
0.12975258,0.8702474,1
0.1570549,0.8429451,1
0.06791103,0.932089,1
0.20520252,0.7947975,0
0.14824758,0.8517524,0
0.10268782,0.89731216,1
0.17253295,0.8274671,0
0.1278839,0.8721161,1
0.09526242,0.90473753,1
0.14486542,0.85513455,1
0.098418705,0.9015813,1
0.21785285,0.78214717,1
0.0878844,0.91211563,1
0.08909197,0.910908,1
0.093006305,0.9069937,1
0.21253051,0.7874695,1
0.15868598,0.84131396,1
0.08451326,0.91548675,1
0.11016101,0.88983893,1
0.0963322,0.9036678,1
0.11084282,0.88915724,1
0.120103054,0.8798969,1
0.124757566,0.8752424,1
0.09915277,0.9008472,1
0.24194603,0.758054,0
0.08598089,0.9140191,1
0.13676724,0.8632328,1
0.14730614,0.85269386,1
0.25363937,0.7463606,1
0.13706577,0.86293423,1
0.083907165,0.9160928,1
0.17903242,0.82096756,1
0.08390983,0.91609013,1
0.12247387,0.8775261,1
0.081459135,0.9185409,1
0.08103038,0.9189696,1
0.17662564,0.8233744,1
0.11172913,0.88827085,1
0.116414286,0.8835857,0
0.142934,0.857066,0
0.14903663,0.85096335,0
0.0994053,0.90059465,1
0.11193174,0.8880683,1
0.07900683,0.92099315,1
0.19692834,0.8030717,0
0.1105069,0.88949317,1
0.1109331,0.88906693,1
0.086986035,0.913014,1
0.10418331,0.89581674,1
0.15127583,0.8487242,1
0.07467276,0.92532724,1
0.26495472,0.73504525,0
0.1079432,0.8920568,1
0.13243307,0.86756694,1
0.12709062,0.8729094,1
0.103464805,0.89653516,1
0.13647495,0.86352503,1
0.09767631,0.90232366,1
0.086434595,0.9135654,1
0.09217644,0.9078235,1
0.12713839,0.8728616,1
0.14679334,0.8532067,1
0.124052554,0.8759475,1
0.10866741,0.89133257,1
0.12134237,0.87865764,0
0.10349106,0.89650893,1
0.08814389,0.9118562,1
0.098666824,0.9013332,1
0.09776791,0.90223205,1
0.17829648,0.82170355,0
0.08343585,0.91656417,1
0.098640636,0.9013593,1
0.087541595,0.9124584,1
0.2045059,0.79549414,1
0.0929096,0.9070904,1
0.13743517,0.86256474,1
0.09700332,0.90299666,1
0.23600681,0.7639932,0
0.11635451,0.8836455,1
0.07596903,0.92403096,1
0.098960444,0.90103954,1
0.07809101,0.92190903,1
0.10581078,0.8941892,1
0.11860998,0.88139,1
0.13989294,0.86010706,1
0.15860829,0.8413917,0
0.10344072,0.89655924,1
0.10011391,0.89988613,1
0.12175398,0.878246,1
0.08744291,0.91255707,1
0.114677005,0.885323,1
0.20584215,0.7941578,1
0.11406376,0.88593626,1
0.13982768,0.86017233,0
0.13426404,0.86573595,1
0.068135805,0.9318642,1
0.0791686,0.9208314,1
0.15094653,0.8490535,1
0.10366501,0.89633495,1
0.073838286,0.9261617,1
0.2109908,0.7890092,1
0.112203725,0.8877963,1
0.14218582,0.8578142,0
0.0917589,0.90824103,1
0.11678013,0.8832198,1
0.10421968,0.89578027,1
0.10557163,0.89442843,1
0.09025158,0.9097484,1
0.090773344,0.90922666,1
0.08997478,0.91002524,1
0.1201369,0.87986314,1
0.13494727,0.8650527,1
0.07982084,0.9201791,1
0.10916797,0.890832,1
0.10097109,0.89902896,1
0.09757411,0.9024259,1
0.2485958,0.7514043,1
0.15958191,0.8404181,1
0.11365374,0.8863463,1
0.21523592,0.7847641,1
0.10148291,0.89851713,1
0.11876937,0.88123065,1
0.1959993,0.8040007,1
0.09146477,0.9085353,1
0.0859791,0.9140209,1
0.14134184,0.8586582,1
0.08075734,0.9192427,1
0.19478203,0.805218,0
0.088214286,0.9117857,1
0.10569616,0.89430386,1
0.07721512,0.92278486,1
0.08848494,0.911515,1
0.12049348,0.87950647,1
0.17862298,0.821377,1
0.27433443,0.7256656,1
0.103004605,0.8969954,1
0.09550283,0.90449715,1
0.22164446,0.7783555,0
0.11013634,0.88986367,1
0.07542424,0.92457575,1
0.084513046,0.915487,1
0.09254126,0.9074588,1
0.09344931,0.90655065,1
0.09409767,0.9059024,1
0.16514835,0.8348517,1
0.19523305,0.80476695,1
0.11212879,0.8878712,1
0.113700196,0.88629985,1
0.087433174,0.91256684,1
0.23978846,0.7602115,1
0.08524967,0.91475034,1
0.20349261,0.7965074,1
0.13015331,0.86984664,1
0.086222105,0.9137779,1
0.10134896,0.898651,1
0.11742387,0.8825761,1
0.12224403,0.87775594,1
0.07619445,0.92380553,1
0.29007363,0.70992637,0
0.10599838,0.89400154,1
0.07406879,0.9259312,1
0.1051896,0.89481044,1
0.10548382,0.89451617,1
0.09015376,0.9098463,1
0.060180515,0.9398195,1
0.1197957,0.88020426,1
0.109446585,0.8905534,1
0.08996369,0.91003627,1
0.09839157,0.9016084,1
0.14275518,0.85724473,1
0.14594106,0.8540589,1
0.105104886,0.8948951,1
0.09612886,0.9038712,1
0.107532755,0.8924672,1
0.10564964,0.8943503,1
0.10956171,0.89043826,1
0.10626366,0.8937364,1
0.14565958,0.85434043,1
0.11382303,0.886177,1
0.13637415,0.8636259,1
0.092856094,0.9071439,1
0.06968235,0.93031764,1
0.16583923,0.8341608,1
0.09253195,0.907468,1
0.10171367,0.8982863,1
0.095398664,0.90460134,1
0.18277936,0.8172206,1
0.13543142,0.8645686,1
0.14265932,0.8573407,1
0.08233194,0.91766804,1
0.092820466,0.9071795,1
0.22508615,0.77491385,1
0.13993987,0.86006016,1
0.12917323,0.8708268,1
0.12931776,0.87068224,1
0.10628509,0.89371485,1
0.25363937,0.7463606,1
0.14520507,0.8547949,1
0.2138565,0.7861435,1
0.17487061,0.8251294,1
0.12929088,0.87070906,1
0.09946628,0.9005337,1
0.089217305,0.9107827,1
0.12642159,0.87357837,1
0.07721512,0.92278486,1
0.0746737,0.92532635,1
0.10418764,0.89581233,1
0.08297366,0.9170263,1
0.06795641,0.9320436,1
0.12689634,0.8731037,1
0.18201257,0.8179874,1
0.107463315,0.8925367,1
0.10468221,0.89531773,1
0.08300177,0.9169982,1
0.12843111,0.87156886,1
0.094825394,0.9051746,1
0.08497083,0.9150292,1
0.096880674,0.9031194,1
0.05483045,0.9451695,1
0.20747192,0.7925281,1
0.093296826,0.9067031,1
0.090879776,0.90912026,1
0.10845821,0.89154184,1
0.105702065,0.89429796,1
0.11428331,0.88571674,1
0.12122354,0.8787765,1
0.12079951,0.87920046,1
0.11742676,0.88257325,1
0.12545481,0.8745452,1
0.078010544,0.9219895,1
0.10444915,0.89555085,1
0.084120624,0.91587937,1
0.20580527,0.79419476,1
0.09357472,0.9064253,1
0.09087678,0.9091232,1
0.18201257,0.8179874,1
0.10177395,0.8982261,1
0.09323692,0.906763,1
0.20003608,0.7999639,1
0.1620088,0.83799124,0
0.11781093,0.8821891,1
0.08205069,0.9179493,1
0.10488235,0.8951177,1
0.17535527,0.82464474,1
0.12814654,0.8718535,1
0.08807933,0.91192067,1
0.12911783,0.87088215,1
0.10402495,0.8959751,1
0.08418569,0.9158143,1
0.098642826,0.90135723,1
0.17177662,0.82822335,0
0.17908652,0.8209135,1
0.11521647,0.88478357,1
0.09645562,0.90354437,1
0.21292269,0.7870773,0
0.13952075,0.86047924,0
0.09052973,0.90947026,1
0.06757658,0.9324234,1
0.082412526,0.9175874,1
0.09810976,0.9018902,1
0.1267247,0.8732753,0
0.08934368,0.91065633,1
0.14726835,0.85273165,0
0.099489264,0.9005107,1
0.10488981,0.89511025,1
0.10456171,0.89543825,1
0.12762778,0.8723722,1
0.10835504,0.89164495,1
0.14146931,0.8585307,1
0.100884914,0.8991151,1
0.08630839,0.9136916,1
0.067917675,0.93208236,1
0.12030106,0.879699,1
0.109470285,0.8905297,1
0.11311537,0.8868846,1
0.13822539,0.8617746,1
0.09816553,0.9018344,1
0.061971214,0.9380288,1
0.09356163,0.9064383,1
0.12201145,0.8779885,1
0.10135316,0.8986469,1
0.11008047,0.88991946,1
0.10460468,0.89539534,1
0.111222185,0.88877785,1
0.1260896,0.87391037,1
0.09375267,0.9062474,1
0.076039016,0.9239609,1
0.103227586,0.8967724,1
0.09899835,0.90100163,1
0.0929096,0.9070904,1
0.12056362,0.87943643,1
0.12550579,0.87449414,1
0.10799944,0.89200056,1
0.084877625,0.91512233,1
0.08314178,0.9168582,1
0.11498897,0.885011,1
0.07512503,0.924875,1
0.12295374,0.8770462,1
0.09377568,0.90622437,1
0.077563025,0.922437,1
0.12890841,0.8710916,1
0.08994855,0.91005147,1
0.11008047,0.88991946,1
0.11831463,0.8816853,1
0.09387056,0.9061294,1
0.06506798,0.934932,1
0.12142618,0.87857383,1
0.09995857,0.90004146,1
0.118223436,0.8817765,1
0.18843645,0.81156355,1
0.10731191,0.8926881,1
0.079584144,0.9204158,1
0.13232425,0.8676758,1
0.21780968,0.7821903,1
0.09102606,0.90897393,1
0.19279493,0.807205,1
0.09074064,0.9092594,1
0.07596903,0.92403096,1
0.077054314,0.9229457,1
0.114543,0.885457,1
0.07787703,0.92212296,1
0.17612778,0.82387227,0
0.12636825,0.8736317,1
0.1081186,0.89188135,1
0.18779616,0.8122039,1
0.09486406,0.9051359,1
0.11408253,0.8859175,1
0.17860332,0.82139665,1
0.06016323,0.93983674,1
0.11003553,0.8899645,1
0.18981215,0.8101879,0
0.116983004,0.88301706,1
0.082412526,0.9175874,1
0.08915774,0.9108423,1
0.08947737,0.91052264,1
0.100158215,0.89984185,1
0.2612334,0.7387666,1
0.07197089,0.92802906,1
0.109269634,0.8907303,1
0.0912867,0.90871334,1
0.08361014,0.9163899,1
0.08488082,0.9151192,1
0.102842085,0.89715797,1
0.16643758,0.83356243,1
0.059420478,0.9405795,1
0.1908193,0.8091807,0
0.08128036,0.9187197,1
0.11914656,0.8808535,1
0.069337375,0.9306627,1
0.25332636,0.74667364,1
0.07552351,0.92447644,1
0.09751282,0.90248716,1
0.08905116,0.9109488,1
0.1916895,0.80831045,1
0.19278769,0.8072123,1
0.07571237,0.9242876,1
0.08831021,0.91168976,1
0.08525189,0.91474813,1
0.06506798,0.934932,1
0.09662622,0.9033738,1
0.0891489,0.9108511,1
0.09594659,0.90405345,1
0.2612334,0.7387666,1
0.1454858,0.85451424,0
0.09933895,0.9006611,1
0.076722994,0.923277,1
0.09057998,0.9094201,1
0.09306906,0.906931,1
0.07975279,0.9202472,1
0.10683957,0.8931604,1
0.23600681,0.7639932,0
0.18397753,0.81602246,1
0.13481934,0.8651806,1
0.08687598,0.91312397,1
0.09346692,0.90653306,1
0.1006287,0.8993713,1
0.10998508,0.89001495,1
0.07951844,0.92048156,1
0.11797215,0.88202786,1
0.1855051,0.81449485,0
0.11951964,0.8804803,1
0.091216855,0.90878314,1
0.11533783,0.88466215,1
0.15590349,0.8440965,1
0.08959089,0.91040915,1
0.110177495,0.88982254,1
0.075715,0.924285,1
0.074942224,0.92505777,1
0.0746849,0.92531514,1
0.08213452,0.9178655,1
0.096851446,0.90314853,1
0.06851466,0.93148535,1
0.21308021,0.7869198,1
0.08872114,0.91127884,1
0.09928482,0.9007152,1
0.15914163,0.84085834,1
0.1086316,0.8913684,1
0.11550548,0.88449454,1
0.09349251,0.9065075,1
0.10524672,0.8947533,1
0.111731336,0.8882687,1
0.19879903,0.801201,1
0.17717926,0.8228207,1
0.090894,0.90910596,1
0.07805729,0.92194265,1
0.15918644,0.8408136,1
0.12624784,0.8737522,1
0.08694651,0.9130535,1
0.06536616,0.93463385,1
0.102858946,0.89714104,1
0.12609701,0.873903,1
0.066293746,0.9337062,1
0.116545975,0.883454,1
0.11054414,0.8894559,1
0.10371883,0.8962811,1
0.111952476,0.8880475,1
0.07183625,0.9281638,1
0.094268516,0.9057315,1
0.097998284,0.90200174,1
0.08551234,0.91448766,1
0.18641496,0.813585,1
0.070528805,0.92947125,1
0.20336811,0.7966319,1
0.08712077,0.9128792,1
0.07425985,0.9257401,1
0.07285093,0.92714906,1
0.10930297,0.89069706,1
0.08492071,0.9150793,1
0.14526738,0.8547327,1
0.16315806,0.83684194,1
0.09133013,0.9086699,1
0.13267884,0.86732113,1
0.07882126,0.9211787,1
0.10088165,0.89911836,1
0.13133794,0.86866206,1
0.086971864,0.91302806,1
0.21375418,0.7862459,1
0.1029353,0.8970647,1
0.07508111,0.92491883,1
0.08969615,0.91030383,1
0.08319295,0.9168071,1
0.197557,0.80244297,0
0.11418893,0.8858111,1
0.109792665,0.89020735,1
0.18690163,0.81309843,1
0.13307679,0.8669232,0
0.12758721,0.87241274,1
0.1016146,0.8983854,1
0.0892508,0.91074914,1
0.083549656,0.9164503,1
0.093350835,0.9066492,1
0.10901158,0.8909884,1
0.08280934,0.91719073,1
0.0962574,0.90374255,1
0.17126855,0.8287315,1
0.12346027,0.87653977,1
0.092795156,0.9072048,1
0.1450121,0.8549879,1
0.11500277,0.8849972,1
0.13389464,0.8661054,1
0.10387983,0.8961202,1
0.14157559,0.8584245,1
0.102436766,0.8975632,1
0.08938639,0.9106136,1
0.19669512,0.80330485,1
0.11661146,0.8833885,1
0.12909292,0.87090707,1
0.25363937,0.7463606,1
0.11295747,0.8870426,1
0.0789307,0.92106926,1
0.073532484,0.9264676,1
0.14788923,0.8521108,1
0.1454858,0.85451424,0
0.08328027,0.91671973,1
0.089588806,0.9104112,1
0.20513797,0.79486203,1
0.13412696,0.865873,1
0.10531398,0.894686,1
0.087213375,0.91278666,1
0.1045981,0.89540184,1
0.081093475,0.91890657,1
0.11967551,0.8803244,1
0.108160645,0.8918394,1
0.106274605,0.89372534,1
0.09751958,0.9024804,1
0.1031945,0.8968056,1
0.086299784,0.9137002,1
0.117899135,0.8821009,0
0.084795445,0.9152046,1
0.09212516,0.9078748,1
0.074214384,0.9257856,1
0.10239537,0.89760464,1
0.08024727,0.91975266,1
0.123419136,0.87658083,1
0.1097658,0.8902342,1
0.13359669,0.86640334,1
0.104117036,0.89588296,1
0.09683625,0.90316373,1
0.08268244,0.91731757,1
0.11043938,0.8895606,1
0.09530361,0.90469635,1
0.086986035,0.913014,1
0.08823435,0.9117657,1
0.0862804,0.91371953,1
0.1782858,0.82171416,1
0.09140159,0.9085985,1
0.08043736,0.91956264,1
0.08608758,0.91391236,1
0.09638083,0.9036192,1
0.09275555,0.90724444,1
0.12310338,0.8768966,1
0.1437388,0.85626125,1
0.17817256,0.8218274,1
0.11162476,0.88837516,1
0.10179117,0.89820886,1
0.11119972,0.88880026,1
0.08235549,0.9176445,1
0.08864657,0.9113534,1
0.0842123,0.9157877,1
0.09739891,0.90260106,1
0.11194888,0.8880511,1
0.289852,0.71014804,1
0.075580895,0.9244191,1
0.082468435,0.9175315,1
0.10987163,0.8901284,1
0.23600681,0.7639932,0
0.109151065,0.89084893,1
0.06616842,0.9338316,1
0.118731566,0.8812684,1
0.25795242,0.7420476,1
0.10260965,0.8973904,1
0.12647922,0.8735208,1
0.10200184,0.8979981,1
0.08662716,0.9133728,1
0.09133886,0.9086611,1
0.11995932,0.8800407,1
0.08160444,0.9183955,1
0.12746198,0.872538,1
0.09959205,0.9004079,1
0.09669775,0.9033022,1
0.0929096,0.9070904,1
0.20768508,0.7923149,1
0.12505193,0.874948,1
0.16626096,0.83373904,1
0.2673583,0.7326417,0
0.09242086,0.9075792,1
0.114502326,0.8854976,1
0.068871096,0.93112886,1
0.069457516,0.9305425,1
0.06623439,0.93376553,1
0.074374504,0.9256255,1
0.29007363,0.70992637,0
0.22176184,0.7782382,1
0.09455116,0.90544885,1
0.09396707,0.9060329,1
0.11388855,0.88611144,1
0.26495472,0.73504525,0
0.15104611,0.84895384,1
0.076242596,0.92375743,1
0.06871426,0.9312857,1
0.1187209,0.8812792,1
0.087309524,0.9126904,1
0.09956112,0.90043885,1
0.09223236,0.90776765,1
0.19091545,0.80908453,1
0.08153392,0.9184661,1
0.10682947,0.8931706,1
0.08850528,0.91149473,1
0.12780513,0.8721949,1
0.09248147,0.90751857,1
0.12722142,0.87277853,1
0.15265344,0.84734654,1
0.11986297,0.880137,1
0.13852061,0.86147934,1
0.09576921,0.90423083,1
0.1767662,0.82323384,1
0.09637218,0.90362775,1
0.07877156,0.92122847,1
0.06252273,0.93747723,1
0.080816254,0.9191838,1
0.09161851,0.9083815,1
0.086888075,0.913112,1
0.07053726,0.9294628,1
0.101510346,0.8984896,1
0.095127225,0.90487283,0
0.122167006,0.877833,0
0.100706354,0.8992936,1
0.081994556,0.91800547,1
0.1600666,0.8399334,0
0.095037,0.904963,1
0.07787703,0.92212296,1
0.11243112,0.8875689,1
0.08871671,0.9112833,1
0.20628612,0.79371387,1
0.10377818,0.8962219,1
0.08835414,0.9116459,1
0.2485958,0.7514043,1
0.1024517,0.89754826,1
0.13522969,0.86477035,1
0.11807857,0.8819214,1
0.07715801,0.922842,1
0.20077372,0.7992263,1
0.07212693,0.9278731,1
0.09289262,0.9071074,1
0.15519609,0.8448039,1
0.14101024,0.8589898,1
0.15731463,0.8426854,1
0.07629225,0.9237078,1
0.10949793,0.8905021,1
0.12924582,0.8707542,1
0.11115633,0.88884366,1
0.05748931,0.94251066,1
0.09808582,0.9019142,1
0.14486542,0.85513455,1
0.16834536,0.83165467,0
0.0878359,0.91216415,1
0.14631096,0.853689,1
0.07041412,0.9295859,1
0.101470694,0.89852923,1
0.10648986,0.8935101,1
0.1249244,0.87507564,1
0.20824666,0.79175335,1
0.085884035,0.91411597,1
0.098431505,0.9015685,1
0.11240271,0.88759726,1
0.13463339,0.86536664,1
0.10096574,0.89903426,1
0.11413878,0.8858612,1
0.1047604,0.8952396,1
0.1167727,0.88322735,1
0.100928955,0.89907104,1
0.12696566,0.87303436,1
0.10281469,0.89718527,1
0.14345925,0.85654074,1
0.15055491,0.84944504,1
0.09457876,0.9054212,1
0.11640104,0.883599,1
0.0850293,0.9149707,1
0.12549594,0.8745041,1
0.122192524,0.87780744,1
0.095127225,0.90487283,1
0.11201006,0.8879899,1
0.095590554,0.9044094,1
0.113919355,0.8860807,1
0.14265932,0.8573407,1
0.102720864,0.89727914,1
0.15320697,0.84679306,1
0.10081558,0.8991844,1
0.089687586,0.9103124,1
0.2673583,0.7326417,0
0.1127482,0.8872518,0
0.0937264,0.9062736,1
0.12706055,0.87293947,1
0.104477674,0.8955223,1
0.11298139,0.8870186,1
0.07400764,0.9259923,1
0.10104335,0.89895666,1
0.16210377,0.8378962,1
0.20662743,0.7933726,1
0.10359126,0.89640874,1
0.14239661,0.8576034,1
0.10931537,0.89068455,1
0.25363937,0.7463606,1
0.11454315,0.8854569,1
0.097095706,0.90290433,1
0.07614412,0.9238559,1
0.14695905,0.8530409,1
0.1486816,0.8513184,0
0.11786151,0.8821385,1
0.120094344,0.8799057,0
0.1047703,0.89522964,1
0.12693386,0.8730661,1
0.08968383,0.91031617,1
0.21465844,0.78534156,1
0.07188317,0.92811686,1
0.07543063,0.9245694,1
0.116029985,0.8839701,1
0.13294102,0.86705893,1
0.13864118,0.8613588,1
0.19692834,0.8030717,0
0.1534445,0.8465555,0
0.05952751,0.9404724,1
0.19282463,0.8071754,0
0.107953936,0.89204603,1
0.077563025,0.922437,1
0.09706101,0.90293896,1
0.098769665,0.90123034,1
0.09736071,0.9026393,1
0.18477276,0.81522727,1
0.06968139,0.93031853,1
0.09002895,0.90997106,1
0.132764,0.86723596,1
0.13925827,0.86074173,0
0.081854254,0.9181457,1
0.08283231,0.91716766,1
0.14106488,0.8589351,1
0.08823868,0.91176134,1
0.120533034,0.87946695,1
0.25363937,0.7463606,1
0.088994645,0.9110053,1
0.09332527,0.90667474,1
0.09148517,0.9085148,1
0.13106057,0.8689394,1
0.09136252,0.9086374,1
0.0746737,0.92532635,1
0.14288828,0.8571117,1
0.1058632,0.8941368,1
0.21756753,0.7824325,0
0.18945275,0.81054723,1
0.09588291,0.90411705,1
0.051305205,0.9486948,1
0.09951657,0.9004834,1
0.08037971,0.9196203,1
0.1369023,0.8630977,1
0.08686084,0.9131392,1
0.08748101,0.912519,1
0.08062072,0.9193793,1
0.10353082,0.8964692,1
0.107592,0.8924081,1
0.18739128,0.81260866,0
0.18369822,0.8163017,1
0.10609922,0.89390075,1
0.15729035,0.8427096,1
0.16520008,0.83479995,1
0.09728493,0.9027151,1
0.1523924,0.8476076,1
0.15817343,0.84182656,1
0.09689647,0.90310353,1
0.06616842,0.9338316,1
0.098960444,0.90103954,1
0.09679555,0.90320444,1
0.29007363,0.70992637,0
0.078711376,0.9212886,1
0.079064555,0.9209355,1
0.26495472,0.73504525,0
0.2485958,0.7514043,1
0.089750536,0.9102495,1
0.06784272,0.9321573,1
0.1840916,0.8159084,1
0.09115146,0.9088485,1
0.08837062,0.91162944,1
0.12385786,0.87614214,1
0.20676541,0.7932346,0
0.08801393,0.91198605,1
0.07510926,0.9248907,1
0.13592188,0.86407816,0
0.14306583,0.85693413,0
0.08388149,0.91611856,1
0.199136,0.800864,1
0.099823155,0.9001769,1
0.11252218,0.8874778,1
0.18713206,0.81286794,1
0.09267647,0.90732354,1
0.13756919,0.86243075,1
0.07206804,0.92793196,1
0.10419823,0.8958017,1
0.087380804,0.91261923,1
0.113608524,0.8863915,1
0.07094071,0.92905927,1
0.1111725,0.8888275,1
0.10444915,0.89555085,1
0.103493005,0.896507,1
0.08553927,0.9144607,1
0.100454554,0.8995455,1
0.14988957,0.8501105,1
0.16109744,0.8389026,1
0.08976279,0.91023725,1
0.07801002,0.92199,1
0.090343475,0.9096565,1
0.06464941,0.93535066,1
0.107766904,0.89223313,1
0.105516404,0.8944836,1
0.29007363,0.70992637,0
0.12807627,0.8719237,1
0.07159111,0.9284089,1
0.13635135,0.86364865,1
0.103652544,0.8963475,1
0.10362331,0.8963767,1
0.10522103,0.8947789,1
0.07650012,0.9234998,1
0.10592613,0.8940739,1
0.25363937,0.7463606,1
0.07992524,0.92007476,1
0.14539452,0.85460556,1
0.21523592,0.7847641,1
0.08782382,0.91217613,1
0.08567558,0.9143244,1
0.083863504,0.91613644,1
0.073682144,0.9263179,1
0.08299177,0.9170082,1
0.14920267,0.8507973,1
0.1355246,0.86447537,1
0.21523592,0.7847641,1
0.07560952,0.9243905,1
0.1600666,0.8399334,0
0.10592613,0.8940739,1
0.10074364,0.8992564,1
0.11597302,0.884027,0
0.082280934,0.9177191,1
0.18049563,0.8195044,0
0.09234781,0.9076522,1
0.07532838,0.92467165,1
0.08172135,0.9182787,1
0.20230135,0.7976987,1
0.08329133,0.9167086,1
0.10075731,0.8992427,1
0.11016887,0.8898311,1
0.092326626,0.90767336,1
0.06822559,0.9317744,1
0.13317011,0.86682993,1
0.12499835,0.87500167,1
0.1744256,0.8255744,1
0.12670471,0.87329525,1
0.071521856,0.9284782,1
0.10823885,0.8917611,1
0.081288725,0.9187113,1
0.21555524,0.7844448,1
0.08527883,0.9147212,1
0.12962319,0.8703768,1
0.21780968,0.7821903,0
0.07656761,0.9234324,1
0.1477626,0.85223746,1
0.15774713,0.8422529,1
0.060745712,0.9392543,1
0.099299856,0.90070015,1
0.07702077,0.9229792,1
0.10689081,0.89310914,1
0.15971391,0.8402861,1
0.15171707,0.84828293,0
0.25068486,0.7493151,1
0.0929096,0.9070904,1
0.21523592,0.7847641,1
0.108708,0.89129204,1
0.15498595,0.84501404,1
0.11253275,0.8874673,1
0.0929096,0.9070904,1
0.10864884,0.8913511,1
0.101466656,0.8985334,1
0.125134,0.874866,1
0.09191793,0.90808207,1
0.10068848,0.89931154,1
0.14832848,0.85167146,1
0.21555524,0.7844448,1
0.09150359,0.90849644,1
0.124022454,0.8759775,1
0.14918043,0.8508196,1
0.110670924,0.8893291,1
0.14436488,0.8556351,1
0.11451151,0.8854885,1
0.074184656,0.92581534,1
0.17606354,0.8239364,0
0.100680456,0.8993195,1
0.19553226,0.80446774,1
0.10421968,0.89578027,1
0.122167006,0.877833,0
0.1057434,0.8942566,1
0.10421968,0.89578027,1
0.10144848,0.89855146,0
0.20907393,0.7909261,1
0.08738936,0.9126107,1
0.09765658,0.90234345,1
0.14197424,0.8580257,0
0.11824816,0.88175184,1
0.08232247,0.9176776,1
0.09391057,0.9060895,1
0.12384712,0.8761529,1
0.10652229,0.89347774,1
0.08461839,0.91538155,1
0.07853501,0.921465,1
0.09152094,0.908479,1
0.19479038,0.80520964,1
0.093322575,0.9066775,1
0.10444915,0.89555085,1
0.21631852,0.78368145,0
0.14063273,0.85936725,1
0.14116962,0.85883033,1
0.065618634,0.93438137,1
0.101675175,0.89832485,1
0.19517288,0.8048271,1
0.13954666,0.86045337,0
0.17235698,0.82764304,1
0.17698969,0.82301027,1
0.06794058,0.93205947,1
0.12311666,0.8768833,1
0.08151596,0.918484,1
0.082521394,0.9174786,1
0.15862402,0.841376,1
0.08591704,0.91408294,1
0.1051982,0.89480186,1
0.1392123,0.86078775,1
0.079623744,0.92037624,1
0.18877412,0.8112259,1
0.1192165,0.88078356,1
0.08479868,0.9152013,1
0.13576679,0.8642332,0
0.06506798,0.934932,1
0.105307564,0.8946925,1
0.079028815,0.92097116,1
0.29007363,0.70992637,0
0.20027228,0.79972774,1
0.117480114,0.88251996,1
0.116292164,0.8837078,1
0.16226065,0.8377393,1
0.10610743,0.8938926,1
0.112260476,0.88773954,1
0.121471606,0.87852836,1
0.10350807,0.89649194,1
0.08487074,0.91512924,1
0.08210576,0.91789424,1
0.0868841,0.9131159,1
0.10397937,0.89602065,1
0.115211606,0.8847884,1
0.09350136,0.9064987,1
0.063440986,0.93655896,1
0.104412206,0.8955878,1
0.18302058,0.81697947,1
0.095010966,0.90498906,1
0.09472314,0.9052769,1
0.07467669,0.9253233,1
0.1437742,0.85622585,1
0.08409253,0.9159075,1
0.25621474,0.74378526,0
0.0929096,0.9070904,1
0.10176522,0.8982347,1
0.14505695,0.85494304,1
0.09396974,0.90603024,1
0.21555524,0.7844448,1
0.107728496,0.89227146,1
0.12305234,0.8769477,1
0.11118002,0.88881993,1
0.10939965,0.8906003,1
0.21993802,0.7800619,1
0.11747004,0.88253,1
0.06506798,0.934932,1
0.14058058,0.8594194,1
0.09817104,0.90182894,1
0.1319524,0.8680476,1
0.07547362,0.9245264,1
0.12428642,0.87571365,1
0.08636591,0.91363406,1
0.12145301,0.87854695,1
0.09897592,0.90102404,1
0.21015131,0.7898486,0
0.09399146,0.90600854,1
0.13077629,0.8692237,1
0.07949661,0.9205034,1
0.101708755,0.89829123,1
0.104007475,0.8959925,1
0.06506798,0.934932,1
0.20169175,0.79830825,1
0.100520946,0.89947903,1
0.15002774,0.8499723,1
0.11597704,0.88402295,1
0.10112464,0.89887536,1
0.10349963,0.8965004,1
0.07235631,0.9276437,1
0.07792875,0.9220713,1
0.08008406,0.919916,1
0.13512889,0.8648711,0
0.11433976,0.88566023,1
0.102992885,0.8970071,1
0.10747573,0.89252424,0
0.09457186,0.9054282,1
0.091675945,0.90832406,1
0.2485958,0.7514043,1
0.25363937,0.7463606,1
0.09312531,0.90687466,1
0.13236709,0.86763287,0
0.100904964,0.89909506,1
0.08341816,0.9165818,1
0.104965724,0.8950342,1
0.09604752,0.90395254,1
0.116584264,0.8834157,1
0.08270487,0.91729516,1
0.12642223,0.87357783,1
0.18028422,0.81971574,1
0.10071412,0.8992859,1
0.08284853,0.9171515,1
0.18133841,0.81866163,1
0.08122492,0.91877514,1
0.09190802,0.908092,1
0.099622585,0.9003774,1
0.11045044,0.88954955,1
0.080646224,0.9193538,1
0.10194045,0.89805955,1
0.102121934,0.89787805,1
0.06506798,0.934932,1
0.1388111,0.8611888,1
0.14508794,0.85491204,0
0.09387056,0.9061294,1
0.2673583,0.7326417,0
0.06902311,0.93097687,1
0.091168605,0.90883136,1
0.083466664,0.91653335,1
0.10172539,0.89827454,1
0.096935116,0.9030649,1
0.0875104,0.9124896,1
0.090979554,0.9090204,1
0.09122564,0.9087744,1
0.14879525,0.8512047,1
0.06616842,0.9338316,1
0.08503729,0.9149627,1
0.073548816,0.9264512,1
0.13122948,0.8687705,1
0.10109565,0.8989044,1
0.11964806,0.88035196,1
0.15143307,0.84856695,1
0.10783754,0.89216244,1
0.06751417,0.9324858,1
0.11679244,0.88320756,1
0.14306346,0.8569365,1
0.107810676,0.8921894,1
0.10724897,0.892751,1
0.101846464,0.8981536,1
0.08701165,0.9129883,1
0.1428308,0.85716915,1
0.15346666,0.84653336,0
0.1373826,0.86261743,1
0.14492586,0.8550741,1
0.08290949,0.91709054,1
0.09196085,0.90803915,1
0.092326626,0.90767336,1
0.14772041,0.8522796,0
0.11616863,0.8838314,1
0.14807162,0.85192835,1
0.23495197,0.765048,1
0.084691815,0.9153082,1
0.08257843,0.9174215,1
0.07335379,0.9266463,1
0.08460547,0.91539454,1
0.08999534,0.9100047,1
0.0789307,0.92106926,1
0.11597138,0.8840287,1
0.071389526,0.92861044,1
0.11406376,0.88593626,1
0.10991431,0.8900857,1
0.08566351,0.91433644,1
0.11586612,0.8841339,1
0.12592681,0.8740732,1
0.09437023,0.9056298,1
0.09803774,0.9019623,1
0.13386545,0.8661345,0
0.10392562,0.89607435,1
0.22508615,0.77491385,1
0.07234768,0.92765236,1
0.09082003,0.90918,1
0.117602065,0.88239795,1
0.09125019,0.9087498,1
0.10606266,0.89393735,1
0.11019182,0.8898082,1
0.13168441,0.86831564,1
0.101495154,0.8985048,1
0.1317691,0.8682309,1
0.08848494,0.911515,1
0.1437742,0.85622585,1
0.13309269,0.86690736,1
0.09021825,0.90978175,1
0.13849,0.86151,0
0.09209987,0.90790015,1
0.11186597,0.888134,1
0.1592312,0.84076875,0
0.09983117,0.9001689,1
0.14229618,0.8577038,0
0.20996936,0.79003066,0
0.16181523,0.83818483,0
0.16072157,0.8392784,1
0.08848494,0.911515,1
0.11443806,0.885562,1
0.100904614,0.89909536,1
0.13175143,0.8682486,1
0.12737949,0.87262046,1
0.08998973,0.9100102,1
0.19282463,0.8071754,0
0.113868095,0.8861319,1
0.16290778,0.8370922,1
0.07506417,0.9249359,1
0.120794825,0.87920517,1
0.10095477,0.8990452,1
0.09111489,0.9088851,1
0.19461079,0.8053892,0
0.11447787,0.8855221,1
0.1913333,0.8086667,1
0.115405135,0.88459486,1
0.08879901,0.91120094,1
0.119391724,0.8806083,1
0.10994784,0.89005214,1
0.08645049,0.9135495,1
0.12398701,0.8760129,1
0.10946383,0.8905362,1
0.08213452,0.9178655,1
0.1486816,0.8513184,0
0.18429463,0.81570536,1
0.096894436,0.90310556,1
0.102436244,0.8975637,1
0.11114669,0.8888533,1
0.09242086,0.9075792,1
0.076619394,0.9233806,1
0.21756753,0.7824325,0
0.11008047,0.88991946,1
0.12872934,0.87127066,1
0.073682144,0.9263179,1
0.13343927,0.86656076,1
0.10680044,0.89319956,1
0.117511936,0.8824881,1
0.10825101,0.891749,1
0.093788974,0.906211,1
0.22215603,0.777844,1
0.07890131,0.9210987,1
0.10458195,0.8954181,1
0.13988286,0.86011714,1
0.07736998,0.92262995,1
0.23230533,0.76769465,0
0.1138862,0.8861138,1
0.104493834,0.89550614,1
0.099490374,0.9005096,1
0.082788214,0.9172118,1
0.10643349,0.89356655,1
0.09313728,0.90686274,1
0.085472815,0.9145271,1
0.12383939,0.8761606,0
0.10899194,0.891008,0
0.110484205,0.8895158,1
0.17754163,0.8224583,1
0.0956316,0.90436834,1
0.14556989,0.85443014,1
0.10702469,0.8929753,1
0.1737969,0.8262031,1
0.1799027,0.8200973,1
0.07334365,0.9266563,1
0.081342146,0.9186578,1
0.10375148,0.89624846,1
0.108523585,0.89147645,1
0.12634322,0.8736568,1
0.19282463,0.8071754,0
0.15284961,0.84715044,1
0.105022915,0.8949771,1
0.087178,0.912822,1
0.210831,0.789169,1
0.098538026,0.901462,1
0.1257692,0.8742308,1
0.0850954,0.91490453,1
0.13825251,0.86174744,1
0.11985281,0.88014716,0
0.11914656,0.8808535,1
0.0789307,0.92106926,1
0.15872034,0.8412796,1
0.083644524,0.9163555,1
0.0929096,0.9070904,1
0.06998009,0.93001986,1
0.09086638,0.9091337,1
0.091019765,0.90898025,1
0.10143792,0.8985621,1
0.097782016,0.902218,1
0.08761304,0.91238695,1
0.14935768,0.8506424,1
0.09804949,0.90195054,1
0.07267546,0.9273246,1
0.104935996,0.895064,1
0.120930925,0.8790691,1
0.20996936,0.79003066,0
0.21659185,0.78340816,1
0.2485958,0.7514043,1
0.16590202,0.8340979,1
0.092886984,0.90711296,1
0.1458264,0.85417354,1
0.1079651,0.8920349,1
0.078748405,0.92125165,1
0.18046908,0.8195309,0
0.09431151,0.90568846,1
0.07851453,0.9214854,0
0.10728347,0.8927165,1
0.09998824,0.9000117,1
0.08150694,0.91849303,1
0.1701892,0.8298108,1
0.09961226,0.9003877,1
0.17610274,0.82389724,1
0.11030123,0.8896988,1
0.10853633,0.89146364,1
0.08118054,0.9188194,1
0.08184993,0.91815,1
0.09005345,0.90994656,1
0.12401263,0.87598735,1
0.08795241,0.9120476,1
0.09409418,0.9059058,1
0.12960841,0.8703916,1
0.103448644,0.8965514,1
0.11763532,0.88236463,1
0.09196301,0.90803695,0
0.092856094,0.9071439,1
0.11832435,0.88167566,1
0.104528345,0.89547163,1
0.077563025,0.922437,1
0.0803309,0.9196691,1
0.09543975,0.90456027,1
0.18537576,0.81462425,1
0.13717084,0.86282915,1
0.15916409,0.8408359,1
0.08247234,0.9175277,1
0.099127516,0.90087247,1
0.16122392,0.8387761,1
0.10096574,0.89903426,1
0.10785516,0.89214486,1
0.09879868,0.9012013,1
0.12947857,0.8705214,1
0.08875756,0.9112424,1
0.07231371,0.9276863,1
0.10730611,0.8926939,1
0.112736344,0.8872637,1
0.12830777,0.87169224,1
0.06894239,0.9310577,1
0.087571666,0.9124283,1
0.12894383,0.87105614,1
0.1638503,0.8361497,1
0.078818396,0.9211816,1
0.11061139,0.8893887,1
0.11766059,0.8823394,1
0.11582563,0.8841744,1
0.08671521,0.91328484,1
0.08905116,0.9109488,1
0.07814385,0.92185616,1
0.10236968,0.8976304,1
0.18679559,0.81320447,0
0.10628509,0.89371485,1
0.11303205,0.886968,1
0.06769186,0.9323081,1
0.074247256,0.9257527,1
0.1388067,0.86119324,1
0.1434111,0.85658896,1
0.09976479,0.90023524,1
0.10658507,0.893415,1
0.09365228,0.90634775,1
0.14996208,0.85003793,1
0.093361735,0.90663826,1
0.13139117,0.86860883,1
0.067917675,0.93208236,1
0.11140212,0.88859797,1
0.12297466,0.87702537,1
0.105390996,0.894609,1
0.107756324,0.8922436,1
0.10274199,0.89725804,1
0.13110514,0.8688949,1
0.096922435,0.90307754,1
0.07454462,0.9254554,1
0.06616842,0.9338316,1
0.10700215,0.8929979,1
0.102594,0.8974059,1
0.1197957,0.88020426,1
0.12803663,0.8719634,1
0.1113827,0.88861734,1
0.10557163,0.89442843,1
0.08565014,0.9143499,1
0.11111014,0.88888985,1
0.077301,0.922699,1
0.11580885,0.88419116,1
0.08848494,0.911515,1
0.086474374,0.91352564,1
0.09267647,0.90732354,1
0.112394355,0.8876056,1
0.101497285,0.8985027,1
0.07786397,0.92213607,1
0.112742685,0.88725734,1
0.08532787,0.91467214,1
0.093906775,0.9060933,1
0.1187917,0.8812083,1
0.2521007,0.74789935,1
0.074677765,0.9253223,1
0.07288402,0.9271159,1
0.107462995,0.892537,1
0.08848494,0.911515,1
0.10859093,0.8914091,1
0.0940171,0.9059829,1
0.2673583,0.7326417,0
0.14286458,0.8571354,1
0.12872934,0.87127066,1
0.13127293,0.8687271,1
0.08684,0.91315997,1
0.13849811,0.86150193,1
0.11366668,0.88633335,1
0.09335875,0.9066413,1
0.101843,0.89815706,1
0.086287566,0.9137124,1
0.17237522,0.8276248,1
0.2485074,0.75149256,1
0.106870964,0.893129,1
0.1188305,0.88116956,1
0.08534134,0.91465867,1
0.09014803,0.909852,1
0.093011774,0.9069882,1
0.16771266,0.8322873,1
0.092215195,0.9077848,1
0.17432176,0.82567817,1
0.11005149,0.8899485,1
0.19314012,0.80685985,1
0.23079582,0.76920414,1
0.08843998,0.91156,1
0.14281046,0.8571896,1
0.21756753,0.7824325,0
0.1178074,0.8821926,1
0.11414538,0.8858546,1
0.09128545,0.9087145,1
0.124722846,0.87527716,1
0.14075196,0.859248,1
0.16015512,0.8398448,1
0.20743503,0.7925649,1
0.10278932,0.8972107,1
0.062642194,0.9373578,1
0.14630762,0.85369235,1
0.13111727,0.8688828,1
0.12513168,0.8748683,1
0.1264355,0.87356454,1
0.12548578,0.8745142,1
0.18960753,0.81039244,1
0.11269375,0.8873062,1
0.11946025,0.8805397,1
0.12175216,0.87824786,1
0.10382395,0.896176,1
0.06616842,0.9338316,1
0.14042826,0.85957175,1
0.09241506,0.90758497,1
0.1391453,0.8608547,1
0.10689081,0.89310914,1
0.07635995,0.9236401,1
0.10282571,0.89717424,1
0.1281829,0.87181705,1
0.09546002,0.90454,1
0.09908908,0.900911,1
0.09984447,0.90015554,1
0.10592273,0.8940773,0
0.11059358,0.8894064,1
